id;titulo;contenido;fecha_creacion
1;Usability;open-source Generic methodologies;2019-12-14
2;Communications Underpass Personal Loan Account;parse;2019-12-15
3;matrix;deposit Auto Loan Account Avon;2019-12-15
4;Shirt;Electronics;2019-12-14
5;copying primary invoice;EXE;2019-12-14
6;Designer Ball;Buckinghamshire Buckinghamshire;2019-12-14
7;Forward;Pre-emptive Reduced;2019-12-14
8;Personal Loan Account;SDD Trail;2019-12-14
9;bi-directional;HTTP Configuration;2019-12-14
10;virtual;Infrastructure bandwidth;2019-12-15
