id;autor;avatar;fecha_creacion;contenido
1;web services copying;deposit Mobility;2019-12-15;Directives Baht Tasty Plastic Keyboard
2;bypass hard drive Hollow;Checking Account;2019-12-15;JBOD Technician Architect
3;deposit Auto Loan Account utilize;Sports;2019-12-14;Buckinghamshire compress
4;Grocery Ball Wells;partnerships Terrace Hat;2019-12-14;Guinea Franc fuchsia Licensed
5;Profound Plastic XSS;Chair mindshare Interactions;2019-12-14;invoice unleash grid-enabled
6;groupware success program;teal Outdoors payment;2019-12-14;RSS Neck
7;Mouse fuchsia Licensed;connect;2019-12-14;back up Auto Loan Account
8;4th generation;Principal Savings Account online;2019-12-14;Rubber
9;Credit Card Account;architectures;2019-12-15;Avon
10;payment;maximized;2019-12-14;website Curve
